Comment,Description,Designator,Footprint,LibRef,Part Description,Quantity,DocumentName,Library Name,Library Reference,SourceLibraryName

"Plated Hole","Single Terminal Socket","B1A, B1B, B2A, B2B, B3A, B3B, B4A, B4B","MTG270_500","PLATED_HOLE2.7_PAD5.0","Plated Through Hole: Hole Dia.=2.7mm Pad Dia.=5.0mm","8","FMC_connector.SchDoc","Eletro-mechanical.DbLib","PLATED_HOLE2.7_PAD5.0","Eletro-mechanical.DbLib"
"Test Point","Single Terminal Socket","B5, B6, B7, B8, B22","VERO_20-2136","VERO_20-2136","Black Bead PCB Terminal Test Pin (1.32 mm hole)","5","AMC_FMC_Carrier.SchDoc","Connectors.DbLib","VERO_20-2136","Connectors.DbLib"
"SR60  battery","SR60 6.8x2.15mm Battery 1.5V, 15mAh","BAT1","SR60","BATTERY_SR60","","1","FPGA_SUP.SchDoc","LIBRARY_SCH.SCHLIB","BATTERY_SR60","LIBRARY_SCH.SCHLIB"
"SR60 Keystone 2998","SR60 Battery 1.5V 17mAh (Farnell: 1854967)","BH1","keystone_2998","BATTERY_HOLD_SR60","","1","FPGA_SUP.SchDoc","LIBRARY_SCH.SCHLIB","BATTERY_HOLD_SR60","LIBRARY_SCH.SCHLIB"
"22UF_10V_10%_X7R","Capacitor SMD, Non-polarised capacitor","C1A, C1B, C5A, C5B, C7A, C7B, C46, C47, C71, C79, C81, C85, C87, C116, C117, C119, C122, C123, C136, C137, C139, C142, C154, C155, C156, C157, C158, C161, C162, C163, C164, C165, C168, C169, C170, C171, C172, C173, C174, C175, C176, C177, C456, C471, C472, C474, C529, C530, C531, C534, C540, C541, C542","1206C","CAP_SMD_1206, CC1206_22UF_10V_10%_X7R","SMD Multilayer Chip Ceramic Capacitor","53","FMC_connector.SchDoc, SUP_1.2_1.8.SchDoc, SUP_1.5_3.3.SchDoc, SUP_1V.SchDoc, SUP_2.5_FMC.SchDoc, SUP_3.3_FMC.SchDoc","Capacitors.DbLib, LIBRARY_SCH.SCHLIB","CAP_SMD_1206, CC1206_22UF_10V_10%_X7R","Capacitors.DbLib, LIBRARY_SCH.SCHLIB"
"1uF_6.3V_10%_X5R","Capacitor SMD","C2A, C2B, C3A, C3B, C8A, C8B, C9A, C9B, C16A, C16B, C17A, C17B, C32, C49, C51, C62, C92, C143, C144, C145, C390","0603C","CAP_SMD_0603","","21","FMC_connector.SchDoc, SDRAM.SchDoc","LIBRARY_SCH.SCHLIB","CAP_SMD_0603","LIBRARY_SCH.SCHLIB"
"0201_100nF_6.3V_20%_X5R","","C4A, C4B, C6A, C6B, C10A, C10B, C20, C255, C256, C257, C258, C262, C263, C604, C726, C727, C728, C729, C734, C735, C736, C737","CAPC0603X33N","Ceramic_0201","","22","FMC_connector.SchDoc, FPGA_SUP.SchDoc, POWER_Management.SchDoc","Capacitors.DbLib","Ceramic_0201","Capacitors.DbLib"
"0201_100nF_16V_20%_X5R","","C11A, C11B, C15A, C15B","CAPC0603X33N","Ceramic_0201","","4","FMC_connector.SchDoc","Capacitors.DbLib","Ceramic_0201","Capacitors.DbLib"
"1206_22uF_25V_TOL_X7R","Capacitor SMD","C12A, C12B","1206C","CAP_SMD_1206","","2","FMC_connector.SchDoc","LIBRARY_SCH.SCHLIB","CAP_SMD_1206","LIBRARY_SCH.SCHLIB"
"1uF_25V_10%_X5R","Capacitor SMD","C13A, C13B, C14A, C14B","0603C","CAP_SMD_0603","","4","FMC_connector.SchDoc","LIBRARY_SCH.SCHLIB","CAP_SMD_0603","LIBRARY_SCH.SCHLIB"
"22p_NP0","Capacitor SMD","C18, C19","0402C","CAP_SMD_0402","","2","CPU.SchDoc","LIBRARY_SCH.SCHLIB","CAP_SMD_0402","LIBRARY_SCH.SCHLIB"
"100nF_6.3V_10%_X5R","Capacitor SMD","C21, C22, C23, C24, C25, C26, C27, C28, C29, C30, C31, C38, C39, C52, C56, C57, C58, C59, C61, C63, C65, C67, C69, C70, C73, C74, C75, C76, C78, C80, C82, C83, C84, C89, C93, C94, C95, C96, C97, C98, C99, C100, C101, C102, C103, C104, C105, C109, C111, C112, C114, C118, C120, C121, C124, C125, C128, C129, C131, C132, C134, C138, C140, C141, C178, C179, C180, C181, C182, C183, C184, C185, C186, C187, C188, C189, C190, C191, C192, C193, C194, C195, C196, C197, C198, C199, C200, C201, C202, C203, C204, C205, C206, C207, C211, C212, C213, C214, C215, C216, C217, C218, C219, C220, C273, C274, C281, C289, C290, C297, C298, C299, C300, C301, C302, C303, C304, C305, C306, C307, C308, C309, C310, C311, C312, C313, C314, C315, C316, C317, C318, C319, C320, C321, C322, C323, C324, C325, C326, C327, C328, C329, C330, C331, C332, C333, C334, C335, C336, C337, C338, C339, C340, C341, C342, C343, C344, C345, C346, C347, C348, C349, C350, C351, C352, C353, C354, C355, C356, C357, C358, C359, C360, C361, C362, C363, C364, C365, C366, C367, C368, C369, C370, C371, C372, C373, C374, C375, C376, C377, C378, C379, C380, C381, C382, C383, C384, C385, C386, C387, C388, C389, C391, C392, C393, C394, C395, C396, C397, C398, C399, C400, C401, C402, C403, C404, C405, C406, C407, C408, C409, C410, C411, C412, C413, C414, C436, C437, C438, C439, C440, C441, C442, C443, C445, C457, C458, C459, C460, C461, C462, C463, C464, C476, C477, C479, C480, C481, C482, C483, C484, C485, C486, C487, C488, C489, C490, C491, C492, C493, C494, C495, C497, C499, C501, C503, C505, C507, C509, C511, C513, C515, C516, C517, C518, C519, C520, C521, C522, C523, C524, C567, C568, C569, C570, C571, C572, C573, C574, C595, C595x, C616, C617, C618, C619, C620, C621, C626, C627, C628, C629, C630, C631, C632, C633, C634, C635, C762, C766, CC524","0201C","CAP_SMD_0201","","310","AMC-SATA.SchDoc, Clock_management.SchDoc, CPU.SchDoc, FMC_Clocks.SchDoc, FMC_HPC1.SchDoc, FMC_HPC2.SchDoc, FPGA.SchDoc, FPGA_MGT.SchDoc, FPGA_SDRAM.SchDoc, JTAG_Configuration.SchDoc, M-LVDS PHY.SchDoc, RTCE.SchDoc, SDRAM.SchDoc, SUP_2.5_FMC.SchDoc, Thermometers.SchDoc, UI_mon.SchDoc","LIBRARY_SCH.SCHLIB","CAP_SMD_0201","LIBRARY_SCH.SCHLIB"
"150p_NP0","Capacitor SMD","C33, C53","0603C","CAP_SMD_0603","","2","SUP_1.2_1.8.SchDoc","LIBRARY_SCH.SCHLIB","CAP_SMD_0603","LIBRARY_SCH.SCHLIB"
"10u/10V","Capacitor SMD","C34, C54","0805C","CAP_SMD_0805","","2","SUP_1.2_1.8.SchDoc","LIBRARY_SCH.SCHLIB","CAP_SMD_0805","LIBRARY_SCH.SCHLIB"
"10nF_16V_10%_X5R","Capacitor SMD","C35, C60","0603C","CAP_SMD_0603","","2","SUP_1.2_1.8.SchDoc","LIBRARY_SCH.SCHLIB","CAP_SMD_0603","LIBRARY_SCH.SCHLIB"
"nm","Capacitor SMD","C36, C37","0402C","CAP_SMD_0402","","2","RTCE.SchDoc","LIBRARY_SCH.SCHLIB","CAP_SMD_0402","LIBRARY_SCH.SCHLIB"
"1206_22uF_25V_TOL_X6S","","C40, C43, C48, C466, C525, C536","CAPC3225X140N","Ceramic_1206","","6","SUP_1.5_3.3.SchDoc, SUP_2.5_FMC.SchDoc, SUP_3.3_FMC.SchDoc","Capacitors.DbLib","Ceramic_1206","Capacitors.DbLib"
"ECASD40D157M009K00","POLY, 150uF, 2V, ESR: 9mR","C41, C50, C55, C64, C230, C231, C528","2917_POLY","CAP_POLYMER, CAP_POLYMER_SMDD","","7","FPGA_SUP.SchDoc, SUP_1.2_1.8.SchDoc, SUP_1.5_3.3.SchDoc","LIBRARY_SCH.SCHLIB","CAP_POLYMER, CAP_POLYMER_SMDD","LIBRARY_SCH.SCHLIB"
"1206_22uF_25V_TOL_X7R","","C42, C45, C66, C147, C148, C149, C150, C151, C152, C467, C533","CAPC3225X140N","Ceramic_1206","","11","SUP_1.2_1.8.SchDoc, SUP_1.5_3.3.SchDoc, SUP_1V.SchDoc, SUP_2.5_FMC.SchDoc, SUP_3.3_FMC.SchDoc","Capacitors.DbLib","Ceramic_1206","Capacitors.DbLib"
"0603_1uF_25V_TOL_X7R","","C44, C68, C72, C90, C108, C126, C130, C209, C210, C469, C526, C532, C537","CAPC1608X90N","Ceramic_0603","","13","SUP_1.2_1.8.SchDoc, SUP_1.5_3.3.SchDoc, SUP_1V.SchDoc, SUP_2.5_FMC.SchDoc, SUP_3.3_FMC.SchDoc","Capacitors.DbLib","Ceramic_0603","Capacitors.DbLib"
"100nF_16V_10%_X5R","Non-polarised capacitor","C77, C113, C133, C470, C527, C538","0402C","CC0603_100NF_50V_10%_X7R","SMD Multilayer Chip Ceramic Capacitor","6","SUP_1.5_3.3.SchDoc, SUP_2.5_FMC.SchDoc, SUP_3.3_FMC.SchDoc","Capacitors.DbLib","CC0603_100NF_50V_10%_X7R","Capacitors.DbLib"
"ECASD40G157M016K00","POLY, 150uF, 4V, ESR: 16mR","C86, C115, C135, C473, C539","2917_POLY","CAP_POLYMER_SMDD","","5","SUP_1.5_3.3.SchDoc, SUP_2.5_FMC.SchDoc, SUP_3.3_FMC.SchDoc","LIBRARY_SCH.SCHLIB","CAP_POLYMER_SMDD","LIBRARY_SCH.SCHLIB"
"PLF1C471MDO1","POLY, 470uF, 16V, ESR: 9mR","C88","CAPPR500-1000X1250","CAP_POLYMER_10mm","","1","POWER_Management.SchDoc","LIBRARY_SCH.SCHLIB","CAP_POLYMER_10mm","LIBRARY_SCH.SCHLIB"
"1uF_10V_10%_X7R","Non-polarised capacitor","C91, C127, C535","0603C","CC0603_1UF_16V_10%_X7R","SMD Multilayer Chip Ceramic Capacitor","3","SUP_1.5_3.3.SchDoc, SUP_2.5_FMC.SchDoc, SUP_3.3_FMC.SchDoc","Capacitors.DbLib","CC0603_1UF_16V_10%_X7R","Capacitors.DbLib"
"4.7uF_6.3V_10%_X5R","Non-polarised capacitor","C106, C107, C237, C238, C267, C268, C272, C446, C478, C576, C577, C578, C579, C580, C581, C582, C583, C585, C586, C588, C589, C591, C594, C596, C597, C598, C605, C606, C607, C608, C609, C610, C611, C636, C637, C644, C645, C646, C652, C653, C654, C660, C661, C662, C668, C669, C670, C680, C681, C682, C688, C689, C690, C696, C697, C698, C704, C705, C706","CAPC1608X87N","CC0603_4.7UF_6.3V_10%_X5R","SMD Multilayer Chip Ceramic Capacitor","59","FPGA_SUP.SchDoc","Capacitors.DbLib","CC0603_4.7UF_6.3V_10%_X5R","Capacitors.DbLib"
"100nF_6.3V_10%_X5R","Non-polarised capacitor","C110, C282","CAPC0603X33N","CC0201_100NF_6.3V_10%_X5R","SMD Multilayer Chip Ceramic Capacitor","2","SDRAM.SchDoc","Capacitors.DbLib","CC0201_100NF_6.3V_10%_X5R","Capacitors.DbLib"
"1206_10uF_25V_TOL_X7R","","C146","CAPC3225X140N","Ceramic_1206","","1","SUP_1V.SchDoc","Capacitors.DbLib","Ceramic_1206","Capacitors.DbLib"
"1uF_25V_TOL_X7R","Capacitor SMD","C153","0603C","CAP_SMD_0603","","1","SUP_1V.SchDoc","LIBRARY_SCH.SCHLIB","CAP_SMD_0603","LIBRARY_SCH.SCHLIB"
"0603_100nF_50V_10%_X5R","","C159","CAPC1608X90N","Ceramic_0603","","1","SUP_1V.SchDoc","Capacitors.DbLib","Ceramic_0603","Capacitors.DbLib"
"22NF_50V_10%_X5R","Capacitor SMD","C160","0402C","CAP_SMD_0402","","1","SUP_1V.SchDoc","LIBRARY_SCH.SCHLIB","CAP_SMD_0402","LIBRARY_SCH.SCHLIB"
"1NF_50V_10%_X5R","Capacitor SMD","C166","0402C","CAP_SMD_0402","","1","SUP_1V.SchDoc","LIBRARY_SCH.SCHLIB","CAP_SMD_0402","LIBRARY_SCH.SCHLIB"
"0805_2.2nF_100V_10%_X5R","","C167","CAPC2012X140N","Ceramic_0805","","1","SUP_1V.SchDoc","Capacitors.DbLib","Ceramic_0805","Capacitors.DbLib"
"0402_10pF_50V_5%_NP0","","C208","CAPC1005X55N","Ceramic_0402","","1","SUP_1.5_3.3.SchDoc","Capacitors.DbLib","Ceramic_0402","Capacitors.DbLib"
"DNP 100nF_6.3V_10%_X5R","Capacitor SMD","C221, C222, C223, C224, C225, C227, C228, C455, C512, C514, C575, C590, C625, C751, C752, C753, C754, C755, C756, C757, C758, C759, C760, C761","0201C","CAP_SMD_0201","","24","AMC-SATA.SchDoc, FPGA_MGT.SchDoc","LIBRARY_SCH.SCHLIB","CAP_SMD_0201","LIBRARY_SCH.SCHLIB"
"100uF_6.3V_10%_X5R","Non-polarised capacitor","C226, C447, C587, C592, C593, C602, C612, C638, C676, C677, C678, C679, C712, C713, C714, C715","CAPC3225X270N","CC1210_100UF_6.3V_20%_X5R","SMD Multilayer Chip Ceramic Capacitor","16","FPGA_SUP.SchDoc","Capacitors.DbLib","CC1210_100UF_6.3V_20%_X5R","Capacitors.DbLib"
"220nF_6.3V_10%_X5R","Non-polarised capacitor","C229, C232, C233, C234, C235, C236, C239, C240, C241, C242, C243, C244, C245, C246, C247, C248, C249, C250, C264, C265, C266, C269, C270, C271, C275, C276, C277, C278, C279, C280, C283, C284, C285, C286, C287, C288, C291, C292, C293, C294, C295, C296, C549, C550, C551, C552, C553, C554, C555, C556, C557, C558, C559, C560, C561, C562, C563, C564, C565, C566, C738, C739, C740, C741, C742, C743, C744, C745, C746, C747, C748","CAPC0603X33N","CC0201_220NF_6.3V_20%_X5R","SMD Multilayer Chip Ceramic Capacitor","71","FPGA_SUP.SchDoc","Capacitors.DbLib","CC0201_220NF_6.3V_20%_X5R","Capacitors.DbLib"
"22nF_6.3V_10%_X5R","Non-polarised capacitor","C251, C252, C253, C254, C599, C600, C601","CAPC0603X33N","CC0201_22NF_6.3V_10%_X5R","SMD Multilayer Chip Ceramic Capacitor","7","FPGA_SUP.SchDoc","Capacitors.DbLib","CC0201_22NF_6.3V_10%_X5R","Capacitors.DbLib"
"0201_22nF_6.3V_20%_X5R","","C259, C722, C723, C724, C725, C730, C731, C732, C733","CAPC0603X33N","Ceramic_0201","","9","FPGA_SUP.SchDoc","Capacitors.DbLib","Ceramic_0201","Capacitors.DbLib"
"0201_470nF_6.3V_20%_X5R","","C260, C261, C448, C449, C450, C451, C465, C603, C613, C614, C615, C639, C640, C641, C642, C643, C647, C648, C649, C650, C651, C655, C656, C657, C658, C659, C663, C664, C665, C666, C667, C671, C672, C673, C674, C675, C683, C684, C685, C686, C687, C691, C692, C693, C694, C695, C699, C700, C701, C702, C703, C707, C708, C709, C710, C711, C716, C717, C718, C719, C720, C721","CAPC0603X33N","Ceramic_0201","","62","FPGA_SUP.SchDoc","Capacitors.DbLib","Ceramic_0201","Capacitors.DbLib"
"100nF_6.3V_20%_X5R","Capacitor SMD","C415, C417, C421, C422, C424, C425, C427, C428, C429, C430, C431, C432, C433, C434, C452, C584, C749, C750, C763, C764, C765, C767","0201C","CAP_SMD_0201","","22","Clock_WR.SchDoc","LIBRARY_SCH.SCHLIB","CAP_SMD_0201","LIBRARY_SCH.SCHLIB"
"22UF_10V_10%_X7R","Non-polarised capacitor","C416","CAPC1608X87N","CC0603_1UF_16V_10%_X7R","SMD Multilayer Chip Ceramic Capacitor","1","Clock_WR.SchDoc","Capacitors.DbLib","CC0603_1UF_16V_10%_X7R","Capacitors.DbLib"
"22NF_6.3V_10%_X5R","Capacitor SMD","C418","0201C","CAP_SMD_0201","","1","Clock_WR.SchDoc","LIBRARY_SCH.SCHLIB","CAP_SMD_0201","LIBRARY_SCH.SCHLIB"
"22UF_10V_10%_X7R","Non-polarised capacitor","C419, C420, C423, C544, C545, C546","CAPC3216X180N","CC1206_22UF_10V_10%_X7R","SMD Multilayer Chip Ceramic Capacitor","6","Clock_WR.SchDoc, SUP_1.5_3.3.SchDoc","Capacitors.DbLib","CC1206_22UF_10V_10%_X7R","Capacitors.DbLib"
"1UF_16V_10%_X7R","Non-polarised capacitor","C426, C453","CAPC1608X87N","CC0603_1UF_16V_10%_X7R","SMD Multilayer Chip Ceramic Capacitor","2","Clock_WR.SchDoc","Capacitors.DbLib","Capacitor - non polarized, CC0603_1UF_16V_10%_X7R","Capacitors.DbLib"
"15p_NP0","Capacitor SMD","C435, C444","0402C","CAP_SMD_0402","","2","CPU.SchDoc","LIBRARY_SCH.SCHLIB","CAP_SMD_0402","LIBRARY_SCH.SCHLIB"
"100UF_6.3V_20%_X5R","Non-polarised capacitor","C454","CAPC3225X270N","CC1210_100UF_6.3V_20%_X5R","SMD Multilayer Chip Ceramic Capacitor","1","Clock_management.SchDoc","Capacitors.DbLib","CC1210_100UF_6.3V_20%_X5R","Capacitors.DbLib"
"0805_47u_6.3_20%_X5R","","C455a, C455b","CAPC2012X140N","Ceramic_0805","","2","Clock_WR.SchDoc","Capacitors.DbLib","Ceramic_0805","Capacitors.DbLib"
"1uF_6.3V_10%_X5R","Non-polarised capacitor","C468, C543","CAPC1608X87N","CC0603_1UF_16V_10%_X7R","SMD Multilayer Chip Ceramic Capacitor","2","Clock_WR.SchDoc, SUP_1.5_3.3.SchDoc","Capacitors.DbLib","CC0603_1UF_16V_10%_X7R","Capacitors.DbLib"
"1UF_16V_10%_X7R","Non-polarised capacitor","C475","0603C","CC0603_1UF_16V_10%_X7R","SMD Multilayer Chip Ceramic Capacitor","1","SUP_2.5_FMC.SchDoc","Capacitors.DbLib","CC0603_1UF_16V_10%_X7R","Capacitors.DbLib"
"0201_100nF_6.3V_TOL_X5R","","C496, C498, C500, C502, C504, C506, C508, C510","CAPC0603X33N","Ceramic_0201","","8","M-LVDS PHY.SchDoc","Capacitors.DbLib","Ceramic_0201","Capacitors.DbLib"
"10NF_50V_10%_X7R","Non-polarised capacitor","C547","CAPC1608X87N","CC0603_10NF_50V_10%_X7R","SMD Multilayer Chip Ceramic Capacitor","1","SUP_1.5_3.3.SchDoc","Capacitors.DbLib","CC0603_10NF_50V_10%_X7R","Capacitors.DbLib"
"100NF_6.3V_10%_X5R","Non-polarised capacitor","C548","CAPC1005X55N","CC0402_100NF_16V_10%_X7R","SMD Multilayer Chip Ceramic Capacitor","1","SUP_1.5_3.3.SchDoc","Capacitors.DbLib","Capacitor - non polarized","Capacitors.DbLib"
"1u 10V_X5R","Capacitor SMD","C622A, C622B, C623A, C623B","0603C","CAP_SMD_0603","","4","USB_UART.SchDoc","LIBRARY_SCH.SCHLIB","CAP_SMD_0603","LIBRARY_SCH.SCHLIB"
"100nF 10V_X5R","Capacitor SMD","C624A, C624B","0402C","CAP_SMD_0402","","2","USB_UART.SchDoc","LIBRARY_SCH.SCHLIB","CAP_SMD_0402","LIBRARY_SCH.SCHLIB"
"PLTD6S","6x 2.54mm SMT  dual row pin header","CON1","PLTD6S","CON_ISP","","1","CPU.SchDoc","LIBRARY_SCH.SCHLIB","CON_ISP","LIBRARY_SCH.SCHLIB"
"0805_0.1µF_50V_±5%_X7R","CAP CER 0.1UF 50V 5% X7R 0805","Cxxx","0805C","08055C104JAT2A","","1","HeightRuleRoom1.9mm.SchDoc","Capacitors.DbLib","08055C104JAT2A","Capacitors.DbLib"
"DNP 1uF_6.3V","Capacitor SMD","C_R131","0603C","CAP_SMD_0603","","1","FPGA.SchDoc","LIBRARY_SCH.SCHLIB","CAP_SMD_0603","LIBRARY_SCH.SCHLIB"
"BAT165E6327","500mA, 40V, Shottky Diode","D1, D3, D4","SOD323","D_BAT165","","3","CPU.SchDoc, FMC_HPC2.SchDoc, RTCE.SchDoc","LIBRARY_SCH.SCHLIB","D_BAT165","LIBRARY_SCH.SCHLIB"
"SS14","1A 80V shottky diode (Maritex)","D2","DO-214AC/SMA","D_SS14","","1","AMC_Connector.SchDoc","LIBRARY_SCH.SCHLIB","D_SS14","LIBRARY_SCH.SCHLIB"
"RFSD050","0.50A/15V","F1, F2","PTC_SMD_1812","F_PTC_1812","","2","POWER_Management.SchDoc","LIBRARY_SCH.SCHLIB","F_PTC_1812","LIBRARY_SCH.SCHLIB"
"RFSM250 or MF-SM250-2-99","2.50A/15V","F3","SMD150-2","F_PTC_9.5x6mm","","1","POWER_Management.SchDoc","LIBRARY_SCH.SCHLIB","F_PTC_9.5x6mm","LIBRARY_SCH.SCHLIB"
"100R/0.2A","ferrite bead 100R@100MHz 0.2A","FB1, FB2","0402L","L_FERRITE_BEAD_0402","","2","CPU.SchDoc","LIBRARY_SCH.SCHLIB","L_FERRITE_BEAD_0402","LIBRARY_SCH.SCHLIB"
"100R/1A","ferrite bead 100R@100MHz 1A","FB3, FB4","0603L","L_FERRITE_BEAD_0603","","2","Clock_management.SchDoc","LIBRARY_SCH.SCHLIB","L_FERRITE_BEAD_0603","LIBRARY_SCH.SCHLIB"
"1812_100Z_8A_6mDCR","FERRITE BEAD 100 OHM 8A SMD 1812","FB5, FB6, FB7, FB8","INDC4532X340N","74279226101","","4","FPGA_SUP.SchDoc","Filters.DbLib","74279226101","Filters.DbLib"
"0402_1KZ_250mA_1.25DCR","FILTER CHIP 1000 OHM 250MA 0402","FB_FIN1, FB_FIN2","INDC1005X55N","BLM15HD102SN1D","","2","FMC_Clocks.SchDoc","Filters.DbLib","BLM15HD102SN1D","Filters.DbLib"
"Use only in PCB","Fiducial Target","FTG1, FTG3, FTG5, FTG7","FIDUCIAL_TOP_S100-200","FIDUCIAL_TARGET_S100-200","Square Fiducial Target, Top Layer, 1.0mm, Top Solder 2.0mm, Keepout =2.0mm","4","AMC_FMC_Carrier.SchDoc","Eletro-mechanical.DbLib","FIDUCIAL_TARGET_S100-200","Eletro-mechanical.DbLib"
"Use only in PCB","Fiducial Target","FTG2, FTG4, FTG6, FTG8","FIDUCIAL_TOP_C100-200","FIDUCIAL_TARGET_C100-200","Round Fiducial Target, Top Layer, 1.0mm, Top Solder 2.0mm, Keepout =2.0mm","4","AMC_FMC_Carrier.SchDoc","Eletro-mechanical.DbLib","FIDUCIAL_TARGET_C100-200","Eletro-mechanical.DbLib"
"ATS-50350B-C2-R0","Heat sink BGA 35x35(44.9)mm","HS1","HEAT_SINK_ATS-50350B-C2-R0","HEAT_SINK_ATS-50350B-C2-R0","","1","FPGA.SchDoc","LIBRARY_SCH.SCHLIB","HEAT_SINK_ATS-50350B-C2-R0","LIBRARY_SCH.SCHLIB"
"LPC1764FBD100","ARM Cortex-M3 procesor","IC1","LQFP100-LPC","UPC_LPC1764","","1","CPU.SchDoc","LIBRARY_SCH.SCHLIB","UPC_LPC1764","LIBRARY_SCH.SCHLIB"
"XC7A350T-2FFG1156C","Artix-6 FPGA, 16 GTPs, 600 User I/Os, 1156-Pin BGA, Speed Grade 2, Commercial Grade, Pb-Free","IC2","BGA1156C100P34X34_3500X3500X335","","Artix-7 FPGA, 16 GTPs, 600 User I/Os, 1156-Pin BGA, Speed Grade 2, Commercial Grade, Pb-Free","1","FMC_HPC2.SchDoc","AMC_FMC_Carrier.SCHLIB","","AMC_FMC_Carrier.SCHLIB"
"STM809SWX6F","2.93V  Reset circuit","IC3","SOT-23","VMON_STM809","","1","CPU.SchDoc","LIBRARY_SCH.SCHLIB","VMON_STM809","LIBRARY_SCH.SCHLIB"
"BZA462A","Quadruple 4V ESD transient voltage suppressor","IC4, IC5, IC7","SOT23-6","D_TVS_BZA462A","","3","CPU.SchDoc, JTAG_Configuration.SchDoc","LIBRARY_SCH.SCHLIB","D_TVS_BZA462A","LIBRARY_SCH.SCHLIB"
"SCANSTA111MT","Enhanced SCAN Bridge Multidrop Addressable IEEE 1149.1 (JTAG) Port","IC6","TSSOP-48","IFC_SCANSTA111","","1","JTAG_Configuration.SchDoc","LIBRARY_SCH.SCHLIB","IFC_SCANSTA111","LIBRARY_SCH.SCHLIB"
"ADN4604ASVZ","16x16 CML crosspoint switch","IC8","TQFP100_TP","IFC_ADN4604ASVZ","","1","Clock_management.SchDoc","LIBRARY_SCH.SCHLIB","IFC_ADN4604ASVZ","LIBRARY_SCH.SCHLIB"
"MCP79410-I/SN","RTC with 1k EEPROM and RAM","IC9","SO-8","RTC_MCP79410","","1","RTCE.SchDoc","LIBRARY_SCH.SCHLIB","RTC_MCP79410","LIBRARY_SCH.SCHLIB"
"TPS53126RGET","Dual Synchronous Step-Down Controller For Low Voltage Power Rails","IC10, IC12, IC43","QFN50P400X400X100-25N-S255","TPS53126RGET","Dual Synchronous Step-Down Controller For Low Voltage Power Rails","3","SUP_1.5_3.3.SchDoc, SUP_2.5_FMC.SchDoc, SUP_3.3_FMC.SchDoc","ICs And Semiconductors.DbLib","TPS53126RGET","ICs And Semiconductors.DbLib"
"AD8402ARZ1","1k dual digital potentiometer","IC11","SO-14","DAC_AD8402","","1","SUP_2.5_FMC.SchDoc","LIBRARY_SCH.SCHLIB","DAC_AD8402","LIBRARY_SCH.SCHLIB"
"M25P128-VME6G","128 Mbit (Multilevel), low-voltage, Serial Flash memory with 50-MHz SPI bus interface","IC13, IC64","PSON127P800X600X100-9N-R640X480","M25P128-VME6G","128 Mbit (Multilevel), Low-Voltage, Serial Flash Memory With 50-MHz SPI Bus Interface","2","FPGA.SchDoc","ICs And Semiconductors.DbLib","M25P128-VME6G","ICs And Semiconductors.DbLib"
"TPS53353DQPT","High-Efficiency 20-A Synchronous Buck Converter with Eco-mode™","IC14","LCCS50P600X500X150-22N","PM_TPS53353","","1","SUP_1V.SchDoc","LIBRARY_SCH.SCHLIB","PM_TPS53353","LIBRARY_SCH.SCHLIB"
"MT41J512M8RA-125:D","512x8 DDR3 SDRAM","IC15, IC16, IC24, IC26","bga6x13-p8-12p75","MEM_MT41J512M8","","4","SDRAM.SchDoc","LIBRARY_SCH.SCHLIB","MEM_MT41J512M8","LIBRARY_SCH.SCHLIB"
"nm","128 Mbit (Multilevel), low-voltage, Serial Flash memory with 50-MHz SPI bus interface","IC17, IC65","SOIC127P1030X265-16N","M25P128-VMF6G","128 Mbit (Multilevel), Low-Voltage, Serial Flash Memory With 50-MHz SPI Bus Interface","2","FPGA.SchDoc","ICs And Semiconductors.DbLib","M25P128-VMF6G","ICs And Semiconductors.DbLib"
"MAX6642ATT90","±1°C, SMBus- Remote/Local Temperature Sensor with Overtemperature Alarm","IC18","TFDN6","SENS_MAX6642","","1","Thermometers.SchDoc","LIBRARY_SCH.SCHLIB","SENS_MAX6642","LIBRARY_SCH.SCHLIB"
"INA220AIDGST","CURRENT/POWER MONITOR with Two-Wire Interface","IC19, IC20, IC21, IC59, IC60, IC61","msop10","ADC_INA220","","6","UI_mon.SchDoc","LIBRARY_SCH.SCHLIB","ADC_INA220","LIBRARY_SCH.SCHLIB"
"SN65MLVD040RGZT","","IC22, IC23","QFN48L","IFC_SN65MLVD040","","2","M-LVDS PHY.SchDoc","LIBRARY_SCH.SCHLIB","IFC_SN65MLVD040","LIBRARY_SCH.SCHLIB"
"PCA9306DCTR","I2C BUS VOLTAGE-LEVEL TRANSLATOR","IC25, IC56","SSOP8","IFC_PCA9306","","2","Clock_management.SchDoc, FMC_HPC1.SchDoc","LIBRARY_SCH.SCHLIB","IFC_PCA9306","LIBRARY_SCH.SCHLIB"
"AT24MAC602-XHM-T","Serial 2K EEPROM+ 48bit MAC","IC27","TSSOP-8","MEM_24MAC602","","1","RTCE.SchDoc","LIBRARY_SCH.SCHLIB","MEM_24MAC602","LIBRARY_SCH.SCHLIB"
"SN74AVC1T45DRLR","1-bit Transceiver Dual Supply (1.4...3.6V)","IC28, IC29, IC34, IC35, IC36, IC37, IC38, IC39","SOT-553","74AVC1T45","","8","M-LVDS PHY.SchDoc","LIBRARY_SCH.SCHLIB","74AVC1T45","LIBRARY_SCH.SCHLIB"
"LM75AIM","I2C temperature sensor","IC30, IC31, IC32, IC33","SOIC127P600X175-8N","SENS_LM75","","4","Thermometers.SchDoc","LIBRARY_SCH.SCHLIB","SENS_LM75","LIBRARY_SCH.SCHLIB"
"SN74AVC8T245RHLR","8 channel bidir translator buffer (1.4..3.6V)","IC40, IC41","QFN50P350X550X100-24N","74AVC8T245_QFN","","2","Clock_management.SchDoc, M-LVDS PHY.SchDoc","LIBRARY_SCH.SCHLIB","74AVC8T245_QFN","LIBRARY_SCH.SCHLIB"
"PCA9517DGK","LEVEL-TRANSLATING I2C BUS REPEATER","IC42","msop-8","IFC_PCA9517","","1","Clock_management.SchDoc","LIBRARY_SCH.SCHLIB","IFC_PCA9517","LIBRARY_SCH.SCHLIB"
"TPS51200DRCT","Sink/Source DDR Termination Regulator","IC44","SON50P300X300X100-11N-R175X250","TPS51200DRCT","3.3V Sink/Source DDR Termination Regulator","1","SUP_1.5_3.3.SchDoc","ICs And Semiconductors.DbLib","TPS51200DRCT","ICs And Semiconductors.DbLib"
"TS3431","2.5V ADJ Voltage reference","IC45","SOT-23","REF_TL431_SOT23","","1","FPGA_SUP.SchDoc","LIBRARY_SCH.SCHLIB","REF_TL431_SOT23","LIBRARY_SCH.SCHLIB"
"FIN1101K8X","LVDS TO LVDS repeater3.3V","IC46, IC47, IC48, IC49, IC66","US8","IFC_FIN1101K8X","","5","Clock_WR.SchDoc, FMC_Clocks.SchDoc","AMC_FMC_Carrier.SCHLIB","IFC_FIN1101K8X","AMC_FMC_Carrier.SCHLIB"
"CDCM61004RHBT","Four Output, Integrated VCO, Low-Jitter Clock Generator","IC50","QFN50P500X500X100-33N-S355","CDCM61004RHBT","Four Output, Integrated VCO, Low-Jitter Clock Generator","1","Clock_WR.SchDoc","ICs And Semiconductors.DbLib","CDCM61004RHBT","ICs And Semiconductors.DbLib"
"LP5951MF-3.0/NOPB","150mA Micropower Low-Dropout CMOS Voltage Regulator","IC51","SOT95P284X122-5N","LP5951MF-3.0/NOPB","3V,  150mA Micropower Low-Dropout CMOS Voltage Regulator","1","Clock_WR.SchDoc","ICs And Semiconductors.DbLib","LP5951MF-3.0/NOPB","ICs And Semiconductors.DbLib"
"AD5662BRMZ-1","2.7V to 5.5V, 250uA, Rail-to-Rail Output 16-Bit nanoDAC","IC52, IC53","SOP65P490X110-8N","AD5662BRMZ-1","2.7V to 5.5V, 250uA, Rail-to-Rail Output 16-Bit nanoDAC","2","Clock_WR.SchDoc","ICs And Semiconductors.DbLib","AD5662BRMZ-1","ICs And Semiconductors.DbLib"
"TL431QDBZT","2.5V ADJ Voltage reference","IC54","SOT-23","REF_TL431_SOT23","","1","Clock_WR.SchDoc","LIBRARY_SCH.SCHLIB","REF_TL431_SOT23","LIBRARY_SCH.SCHLIB"
"NCP3170ADR2G","4.5V to 18V, 3A synch buck","IC55, IC57","so-8","PWM_NCP3170","","2","SUP_1.2_1.8.SchDoc","LIBRARY_SCH.SCHLIB","PWM_NCP3170","LIBRARY_SCH.SCHLIB"
"PT7M7811 or STM811SW","voltage supervisor","IC58","SOT143B","VOLT_STM811","","1","POWER_Management.SchDoc","LIBRARY_SCH.SCHLIB","VOLT_STM811","LIBRARY_SCH.SCHLIB"
"CP2102-GM","Single-Chip USB to UART Bridge","IC62A, IC62B","QFN50P500X500X100-29N-S335","CP2102-GM","Single-Chip USB to UART Bridge","2","USB_UART.SchDoc","ICs And Semiconductors.DbLib","CP2102-GM","ICs And Semiconductors.DbLib"
"PRTR5V0U2X","dual 5.5 ESD transient voltage suppressor","IC63A, IC63B","sot143b","D_TVS_PRTR5V0U2X","","2","USB_UART.SchDoc","LIBRARY_SCH.SCHLIB","D_TVS_PRTR5V0U2X","LIBRARY_SCH.SCHLIB"
"DNP-ATxmega128A1U-AU","8/16-bit AVR XMEGA A1 Microcontroller, 1.6-3.6V, 128KB + 8KB Flash, 2KB EEPROM, 8KB SRAM, 100-pin TQFP, Industrial Grade (-40°C to 85°C), Pb-Free","IC67","TQFP100","UPC_ATxmega128A1-AU","","1","CPU.SchDoc","LIBRARY_SCH.SCHLIB","UPC_ATxmega128A1-AU","LIBRARY_SCH.SCHLIB"
"VITA 57","Connector VITA 57, 400 Female contacts in 10 row abcdefghj","J1A, J1B","SAMTEC_ASP-134486-01","SAMTEC_ASP-134486-01","400 contacts (10 rows abcdefghj) Surface Mount Female Connector, VITA 57","2","FMC_connector.SchDoc","Connectors.DbLib","SAMTEC_ASP-134486-01","Connectors.DbLib"
"Mini-Fit Jr.™","Connector 4 Male","J2","MOLEX_39-28-1043","MOLEX_39-28-1043","4.20mm (.165") Pitch Mini-Fit Jr.™ Header, Dual Row, Vertical, without Snap-in Plastic Peg PCB Lock, 4 Circuits","1","POWER_Management.SchDoc","Connectors.DbLib","MOLEX_39-28-1043","Connectors.DbLib"
"U.FL-R-SMT-1(10)","UFL","J3, J5, J7, J8, J9, J10, J11","CON_UFL_HIROSE_RECEPTACLE","CON_UFL_SMD","","7","Clock_management.SchDoc, Clock_WR.SchDoc, FMC_Clocks.SchDoc","LIBRARY_SCH.SCHLIB","CON_UFL_SMD","LIBRARY_SCH.SCHLIB"
"565790519","USB mini B connector (Molex)","J4A, J4B","CON_USB_565790519","CON_USB_B_MINI_TH","","2","USB_UART.SchDoc","LIBRARY_SCH.SCHLIB","CON_USB_B_MINI_TH","LIBRARY_SCH.SCHLIB"
"BHMT14S","Connector 14 Male","J6","BHMT14S","MOLEX_87831-1420","2.00mm (.079") Pitch Milli-Grid™ Header, Vertical, Shrouded, Center Polarization Slot, Locking Window, 14 Circuits","1","JTAG_Configuration.SchDoc","Connectors.DbLib","MOLEX_87831-1420","Connectors.DbLib"
"67800-5005","SATA conenctor  PCB Molex","J13, J14","CON_SATA_V","CON_SATA_V","","2","AMC-SATA.SchDoc","AMC_FMC_Carrier.SCHLIB","CON_SATA_V","AMC_FMC_Carrier.SCHLIB"
"PLTD10S","Goldpin 2.54mm, male header","JP1","PLTD10S","CON_2x5 2.54 male SMT","","1","CPU.SchDoc","LIBRARY_SCH.SCHLIB","CON_2x5 2.54 male SMT","LIBRARY_SCH.SCHLIB"
"goldpin 1.27 2x5","PBTD10S","JP2","CON_2x5_MINI","CON_HEADER 5X2","","1","CPU.SchDoc","sch.SCHLIB","CON_HEADER 5X2","sch.SCHLIB"
"SPM6530T-1R5M100","1.5uH, 20%, 10mR, 11.5A","L1, L3, L5, L6, L15, L16","IND_TDK_SPM6530","L_POWER_SPM6530T","","6","SUP_1.5_3.3.SchDoc, SUP_2.5_FMC.SchDoc, SUP_3.3_FMC.SchDoc","LIBRARY_SCH.SCHLIB","L_POWER_SPM6530T","LIBRARY_SCH.SCHLIB"
"DLCSN084F-3R3M or 74456033 or DO3316P-332MLD","3.3uH, 20%, 5.4A, 0.015R","L2, L7","IND_CSN084F","L_POWER_CSN084F_3R3","","2","SUP_1.2_1.8.SchDoc","LIBRARY_SCH.SCHLIB","L_POWER_CSN084F_3R3","LIBRARY_SCH.SCHLIB"
"PA0513.441NLT-ND","440nH, 30A, 0.32mOhm","L8","IND_PA0513","L_POWER_PA1513_440nH","","1","SUP_1V.SchDoc","LIBRARY_SCH.SCHLIB","L_POWER_PA1513_440nH","LIBRARY_SCH.SCHLIB"
"220R@100MHz","Inductor","L9, L21","INDC2012X105N","IND0805_MURATA_BLM21PG221SN1D","SMD EMIFIL Suppression Chip Bead Ferrite","2","Clock_WR.SchDoc","Inductors & Transformers.DbLib","IND0805_MURATA_BLM21PG221SN1D","Inductors & Transformers.DbLib"
"ELLVGG1R0N","2.2uH, 1.4A, 92mR Panasonic","L10, L11, L12, L13","L_ELLVGG2R2N","L_CHOKE_ELLVGG","","4","Clock_management.SchDoc, Clock_WR.SchDoc, FPGA_SUP.SchDoc","LIBRARY_SCH.SCHLIB","L_CHOKE_ELLVGG","LIBRARY_SCH.SCHLIB"
"220R@100MHz","Inductor","L17","0603L","IND0805_MURATA_BLM21PG221SN1D","SMD EMIFIL Suppression Chip Bead Ferrite","1","UI_mon.SchDoc","Inductors & Transformers.DbLib","IND0805_MURATA_BLM21PG221SN1D","Inductors & Transformers.DbLib"
"Red/Green/Blue","Right Angle Tricolor (RGB) Surface Mount LED, Body 3.2x1mm","LD1","LED_OPTEK_OVSRRGBCC3_a","LED_OPTEK_OVSRRGBCC3_a","Side Mount, Full-Color (RGB), 1204 Surface Mount LED (150° Viewing Angle)","1","FMC_HPC1.SchDoc","ICs And Semiconductors.DbLib","LED_OPTEK_OVSRRGBCC3_a","ICs And Semiconductors.DbLib"
"GREEN","LED BLUE","LDx","LED_AVAGO_HSME-C120","LED_AVAGO_HSME-C120","","1","CPU.SchDoc","ICs And Semiconductors.DbLib","LED_AVAGO_HSME-C120","ICs And Semiconductors.DbLib"
"BLUE","LED BLUE","LDy","LED_AVAGO_HSME-C120","LED_AVAGO_HSME-C120","","1","CPU.SchDoc","ICs And Semiconductors.DbLib","LED_AVAGO_HSME-C120","ICs And Semiconductors.DbLib"
"LED0603-P-RW120 or LYN971-Z","LED 0603 red","LED3, LED4, LED5, LED6, LED7, LED8, LED9, LED10, LED11, LED12, LED13, LED14, LED15, LED16, LED17","led_0603R","LED_0603R","","15","CPU.SchDoc, FPGA.SchDoc, JTAG_Configuration.SchDoc, POWER_Management.SchDoc, SUP_1.2_1.8.SchDoc, SUP_1.5_3.3.SchDoc, SUP_2.5_FMC.SchDoc, SUP_3.3_FMC.SchDoc","LIBRARY_SCH.SCHLIB","LED_0603R","LIBRARY_SCH.SCHLIB"
"25MHz","Oscillator 4 pins 1=VCO 3=GND 4=OUT 6=VDC","OSC1","OSC_RAKON_IVT3200C","OSC_25MHZ_RAKON_IVT3205CR","11pF 3.3V ±1ppm Surface Mount TCXO Voltage Controlled Oscillator (IT3200C Serie)","1","Clock_WR.SchDoc","ICs And Semiconductors.DbLib","OSC_25MHZ_RAKON_IVT3205CR","ICs And Semiconductors.DbLib"
"20MHz","3.3V ±100ppm 15pF HCMOS Tri-State Surface Mount Voltage Controlled Oscillator VCXO (CFPV-45 Serie)","OSC2","OSC_IQD_CFPV-45","OSC_20MHZ_IQD_LF VCXO026156","3.3V ±100ppm 15pF HCMOS Tri-State Surface Mount Voltage Controlled Oscillator VCXO (CFPV-45 Serie)","1","Clock_WR.SchDoc","ICs And Semiconductors.DbLib","OSC_20MHZ_IQD_LF VCXO026156","ICs And Semiconductors.DbLib"
"10-280MHz","Any-Rate I2C Programmable XO Oscillator Si570 Serie","OSC4","OSC_SILICON-LAB_SI570","OSC_10-280MHZ_SILICON-LAB_Si570BBC000121DG","10-280MHz 3.3V ±20ppm LVDS Any-Rate I2C Programmable XO Oscillator Si570 Serie","1","Clock_WR.SchDoc","ICs And Semiconductors.DbLib","OSC_10-280MHZ_SILICON-LAB_Si570BBC000121DG","ICs And Semiconductors.DbLib"
"25MHz","Oscillator 4 pins 1=VC 2=GND 3=OUT 4=+Vs","OSC5","OSCCC320X500X160-4N","OSC_25MHZ_MERCURY_VM53S3-25.000-2.5/-30+75","3V ±2.5ppmVoltage Controlled Temperature Compensated Crystal Oscillator VM53S3 Serie","1","Clock_WR.SchDoc","ICs And Semiconductors.DbLib","OSC_25MHZ_MERCURY_VM53S3-25.000-2.5/-30+75","ICs And Semiconductors.DbLib"
"Push Button","Push-Button Switch SPDT","PB1","SW_C&K_HDT0001","SW_C&K_HDT0001","5VDC 1mA SPST-NO Micro Mini Surface Surface Mount Detect Push-Button Switch, HDT Serie","1","IPMI.SchDoc","Eletro-mechanical.DbLib","SW_C&K_HDT0001","Eletro-mechanical.DbLib"
"IRF9317PBF  or IRF9310PbF","PMOS 30V, 4.6mR, 20A, 2.5W","Q1, Q2","so-8","Q_IRF9310","","2","POWER_Management.SchDoc","LIBRARY_SCH.SCHLIB","Q_IRF9310","LIBRARY_SCH.SCHLIB"
"BSS138","","Q3, Q4","SOT95P251X112-3N","Q_BSS138","","2","POWER_Management.SchDoc","LIBRARY_SCH.SCHLIB","Q_BSS138","LIBRARY_SCH.SCHLIB"
"BC847B","Transistor","Q5, Q6, Q12","SOT-23","Q_BC847B","","3","SUP_1.2_1.8.SchDoc, SUP_1.5_3.3.SchDoc","LIBRARY_SCH.SCHLIB","Q_BC847B","LIBRARY_SCH.SCHLIB"
"BSS138","","Q7, Q8, Q9, Q10, Q11","SOT-23","Q_BSS138","","5","Clock_WR.SchDoc, FMC_HPC1.SchDoc, FPGA.SchDoc","LIBRARY_SCH.SCHLIB","Q_BSS138","LIBRARY_SCH.SCHLIB"
"100R","SMD Resistor","R1, R7, R8, R9, R10, R11, R12, R13, R14, R15, R16, R17, R18, R27, R28, R29, R30, R31, R32, R33, R34, R35, R56, R96, R118, R134, R138, R148, R149, R150, R151, R152, R153, R154, R155, R156, R157, R207, R208, R212, R226, R227, R229, R230, R231, R300, R305, R306","0402R","RES_0402","","48","CPU.SchDoc, FMC_Clocks.SchDoc, FPGA.SchDoc, JTAG_Configuration.SchDoc","LIBRARY_SCH.SCHLIB","RES_0402","LIBRARY_SCH.SCHLIB"
"10k","Resistor - 1%, SMD Resistor","R2, R3, R4, R5, R6, R19, R37, R38, R39, R40, R52, R55, R57, R58, R59, R60, R61, R71, R78, R79, R85, R92, R97, R98, R99, R100, R101, R102, R103, R114, R123, R141, R145, R147, R158, R159, R162, R164, R179, R180, R222, R225, R238, R255, R265, R268, R270, R280, R281, R282, R301, R302, R309, R310","0402R","R0603_10K_1%_0.1W_100PPM, RES_0402, RES_SMD","General Purpose Thick Film Chip Resistor","54","Clock_management.SchDoc, CPU.SchDoc, FMC_HPC1.SchDoc, FMC_HPC2.SchDoc, FPGA.SchDoc, JTAG_Configuration.SchDoc, M-LVDS PHY.SchDoc, POWER_Management.SchDoc, SUP_1.2_1.8.SchDoc, SUP_1.5_3.3.SchDoc, SUP_1V.SchDoc, SUP_2.5_FMC.SchDoc, SUP_3.3_FMC.SchDoc, Thermometers.SchDoc, UI_mon.SchDoc","LIBRARY_SCH.SCHLIB, Resistors.DbLib","R0603_10K_1%_0.1W_100PPM, RES_0402, RES_SMD","LIBRARY_SCH.SCHLIB, Resistors.DbLib"
"3k3","SMD Resistor","R20, R21, R22","0402R","RES_0402","","3","CPU.SchDoc","LIBRARY_SCH.SCHLIB","RES_0402","LIBRARY_SCH.SCHLIB"
"330R","SMD Resistor","R23, R24, R161, R175","0402R","RES_0402","","4","CPU.SchDoc, FPGA.SchDoc","LIBRARY_SCH.SCHLIB","RES_0402","LIBRARY_SCH.SCHLIB"
"5k1","Resistor - 1%","R25, R26, R223, R315, R316, R317","RESC1608X55N","R0603_5K1_1%_0.1W_100PPM","General Purpose Thick Film Chip Resistor","6","Clock_WR.SchDoc","Resistors.DbLib","R0603_5K1_1%_0.1W_100PPM","Resistors.DbLib"
"5k1","Resistor - 1%","R41, R42, R73, R87, R95, R259","0603R","R0603_5K1_1%_0.1W_100PPM","General Purpose Thick Film Chip Resistor","6","POWER_Management.SchDoc, SUP_2.5_FMC.SchDoc, SUP_3.3_FMC.SchDoc","Resistors.DbLib","R0603_5K1_1%_0.1W_100PPM","Resistors.DbLib"
"24k.9 1%","SMD Resistor","R43","0603R","RES_0603","","1","SUP_1.2_1.8.SchDoc","LIBRARY_SCH.SCHLIB","RES_0603","LIBRARY_SCH.SCHLIB"
"2.49k","SMD Resistor","R44, R63","0603R","RES_0603","","2","SUP_1.2_1.8.SchDoc","LIBRARY_SCH.SCHLIB","RES_0603","LIBRARY_SCH.SCHLIB"
"49.9k 1%","SMD Resistor","R45","0603R","RES_0603","","1","SUP_1.2_1.8.SchDoc","LIBRARY_SCH.SCHLIB","RES_0603","LIBRARY_SCH.SCHLIB"
"0603_1.5k_1%_Power_TC","","R46","RESC1608X64N","SMT_0603","","1","SUP_1.5_3.3.SchDoc","Resistors.DbLib","SMT_0603","Resistors.DbLib"
"2k2","SMD Resistor","R47, R83, R169, R170, R171, R172, R173, R174, R176, R178, R214, R271, R273A, R273B, R274A, R274B, R275A, R275B, R276A, R276B, R313, R314","0402R","RES_0402","","22","Clock_management.SchDoc, CPU.SchDoc, FMC_HPC1.SchDoc, USB_UART.SchDoc","LIBRARY_SCH.SCHLIB","RES_0402","LIBRARY_SCH.SCHLIB"
"1k6","Resistor - 1%","R48","RESC1608X55N","R0603_1K6_1%_0.1W_100PPM","General Purpose Thick Film Chip Resistor","1","SUP_1.5_3.3.SchDoc","Resistors.DbLib","R0603_1K6_1%_0.1W_100PPM","Resistors.DbLib"
"4k7","Resistor - 1%, SMD Resistor","R49, R69, R127, R131, R160, R166, R297","0402R","R0603_4K7_1%_0.1W_100PPM, RES_0402","General Purpose Thick Film Chip Resistor","7","FPGA.SchDoc, SDRAM.SchDoc, SUP_1.5_3.3.SchDoc","LIBRARY_SCH.SCHLIB, Resistors.DbLib","R0603_4K7_1%_0.1W_100PPM, RES_0402","LIBRARY_SCH.SCHLIB, Resistors.DbLib"
"0603_4.7k_TOL_Power_TC","","R50","RESC1608X64N","SMT_0603","","1","SUP_1.5_3.3.SchDoc","Resistors.DbLib","SMT_0603","Resistors.DbLib"
"51R","SMD Resistor","R51, R211","0402R","RES_0402","","2","Clock_WR.SchDoc","LIBRARY_SCH.SCHLIB","RES_0402","LIBRARY_SCH.SCHLIB"
"4k3 1%","Resistor - 1%","R53, R84, R90","0603R","R0603_4K3_1%_0.1W_100PPM","General Purpose Thick Film Chip Resistor","3","SUP_1.5_3.3.SchDoc, SUP_3.3_FMC.SchDoc","Resistors.DbLib","R0603_4K3_1%_0.1W_100PPM","Resistors.DbLib"
"1k3 1%","Resistor - 1%","R54, R86, R91","0603R","R0603_1K3_1%_0.1W_100PPM","General Purpose Thick Film Chip Resistor","3","SUP_1.5_3.3.SchDoc, SUP_3.3_FMC.SchDoc","Resistors.DbLib","R0603_1K3_1%_0.1W_100PPM","Resistors.DbLib"
"24.9k 1%","SMD Resistor","R62","0603R","RES_0603","","1","SUP_1.2_1.8.SchDoc","LIBRARY_SCH.SCHLIB","RES_0603","LIBRARY_SCH.SCHLIB"
"20k 1%","SMD Resistor","R64","0603R","RES_0603","","1","SUP_1.2_1.8.SchDoc","LIBRARY_SCH.SCHLIB","RES_0603","LIBRARY_SCH.SCHLIB"
"510","Resistor - 1%","R65, R66, R74, R76, R77, R88, R93, R256","0603R","R0402_510R_1%_0.0625W_100PPM","General Purpose Thick Film Chip Resistor","8","SUP_1.2_1.8.SchDoc, SUP_1.5_3.3.SchDoc, SUP_2.5_FMC.SchDoc, SUP_3.3_FMC.SchDoc","Resistors.DbLib","R0402_510R_1%_0.0625W_100PPM","Resistors.DbLib"
"dnp","SMD Resistor","R67, R68","0402R","RES_0402","","2","Clock_management.SchDoc","LIBRARY_SCH.SCHLIB","RES_0402","LIBRARY_SCH.SCHLIB"
"0R","SMD Resistor","R70, R80, R124, R135, R136, R137, R139, R140, R146, R258, R289, R290, R293","0402R","RES_0402","","13","AMC_FMC_Carrier.SchDoc, Clock_management.SchDoc, FPGA.SchDoc, SUP_1.2_1.8.SchDoc, SUP_1.5_3.3.SchDoc, SUP_2.5_FMC.SchDoc, SUP_3.3_FMC.SchDoc, Thermometers.SchDoc","LIBRARY_SCH.SCHLIB","RES_0402","LIBRARY_SCH.SCHLIB"
"3k3","Resistor - 1%","R72","0603R","R0603_3K3_1%_0.1W_100PPM","General Purpose Thick Film Chip Resistor","1","SUP_1.5_3.3.SchDoc","Resistors.DbLib","R0603_3K3_1%_0.1W_100PPM","Resistors.DbLib"
"WSK25121L000FEA or WSL25121L000FEA","RESISTOR, METAL STRIP, 0.001 OHM 1%","R75, R89, R94, R257","RES_WSK2512","RES_POW_Kelvin","","4","SUP_2.5_FMC.SchDoc, SUP_3.3_FMC.SchDoc","LIBRARY_SCH.SCHLIB","RES_POW_Kelvin","LIBRARY_SCH.SCHLIB"
"2k2","Resistor - 1%","R81, R244, R307, R308","RESC1608X55N","R0603_2K2_1%_0.1W_100PPM","General Purpose Thick Film Chip Resistor","4","SUP_1.2_1.8.SchDoc, SUP_1.5_3.3.SchDoc","Resistors.DbLib","R0603_2K2_1%_0.1W_100PPM","Resistors.DbLib"
"10k","Resistor - 1%","R82, R264","RESC1608X55N","R0603_10K_1%_0.1W_100PPM","General Purpose Thick Film Chip Resistor","2","SUP_1.5_3.3.SchDoc","Resistors.DbLib","R0603_10K_1%_0.1W_100PPM","Resistors.DbLib"
"9k1 1%","Resistor - 1%","R104, R246","0603R","R0603_9K1_1%_0.1W_100PPM","General Purpose Thick Film Chip Resistor","2","SUP_1.2_1.8.SchDoc, SUP_1.5_3.3.SchDoc","Resistors.DbLib","R0603_9K1_1%_0.1W_100PPM","Resistors.DbLib"
"1R","SMD Resistor","R105","0603R","RES_0603","","1","SUP_1V.SchDoc","LIBRARY_SCH.SCHLIB","RES_0603","LIBRARY_SCH.SCHLIB"
"100k 1%","SMD Resistor","R106, R109, R110","0603R","RES_0603","","3","SUP_1V.SchDoc","LIBRARY_SCH.SCHLIB","RES_0603","LIBRARY_SCH.SCHLIB"
"nm","SMD Resistor","R107","0603R","RES_0603","","1","SUP_1V.SchDoc","LIBRARY_SCH.SCHLIB","RES_0603","LIBRARY_SCH.SCHLIB"
"75k","SMD Resistor","R108","0603R","RES_0603","","1","SUP_1V.SchDoc","LIBRARY_SCH.SCHLIB","RES_0603","LIBRARY_SCH.SCHLIB"
"0603_2_5%_0.2W_TC","","R111","RESC1608X64N","SMT_0603","","1","SUP_1V.SchDoc","Resistors.DbLib","SMT_0603","Resistors.DbLib"
"169k","SMD Resistor","R112","0603R","RES_0603","","1","SUP_1V.SchDoc","LIBRARY_SCH.SCHLIB","RES_0603","LIBRARY_SCH.SCHLIB"
"1206_3_5%_0.5W_200V-[Pulse Withstanding, Anti-Pulse, Anti-Surge]_TC","","R113","RESC3216X80N","SMT_1206","","1","SUP_1V.SchDoc","Resistors.DbLib","SMT_1206","Resistors.DbLib"
"3k3 1%","SMD Resistor","R115, R116","0603R","RES_0603","","2","SUP_1V.SchDoc","LIBRARY_SCH.SCHLIB","RES_0603","LIBRARY_SCH.SCHLIB"
"10k 1%","SMD Resistor","R117","0603R","RES_0603","","1","SUP_1V.SchDoc","LIBRARY_SCH.SCHLIB","RES_0603","LIBRARY_SCH.SCHLIB"
"15R","SMD Resistor","R125, R126, R129, R130, R133, R291, R298, R299, R303, R304","0402R","RES_0402","","10","FPGA.SchDoc","LIBRARY_SCH.SCHLIB","RES_0402","LIBRARY_SCH.SCHLIB"
"nm","SMD Resistor","R128, R240, R241, R242, R243","0402R","RES_0402","","5","FMC_Clocks.SchDoc, FPGA.SchDoc","LIBRARY_SCH.SCHLIB","RES_0402","LIBRARY_SCH.SCHLIB"
"220R","SMD Resistor","R132, R213, R277, R278, R279, R311, R312","0402R","RES_0402","","7","FMC_HPC1.SchDoc, FPGA.SchDoc, FPGA_SDRAM.SchDoc, FPGA_SUP.SchDoc","LIBRARY_SCH.SCHLIB","RES_0402","LIBRARY_SCH.SCHLIB"
"100R 1%","SMD Resistor","R142, R239","0402R","RES_0402","","2","FPGA_MGT.SchDoc","LIBRARY_SCH.SCHLIB","RES_0402","LIBRARY_SCH.SCHLIB"
"0402_0201_50_1%_Power_TC","","R143, R181","RESC0603X40N","SMT_0402_0201","","2","FPGA_SDRAM.SchDoc","Resistors.DbLib","SMT_0402_0201","Resistors.DbLib"
"240R 1%","SMD Resistor","R144, R167, R168, R228","0402R","RES_0402","","4","SDRAM.SchDoc","LIBRARY_SCH.SCHLIB","RES_0402","LIBRARY_SCH.SCHLIB"
"49R9","Resistor - 1%","R163, R177, R182, R183, R184, R185, R186, R187, R188, R189, R190, R191, R192, R193, R194, R195, R196, R197, R198, R199, R200, R201, R202, R203, R204, R205, R206","RESC1005X40N","R0402_43R_1%_0.0625W_100PPM","General Purpose Thick Film Chip Resistor","27","SDRAM.SchDoc","Resistors.DbLib","R0402_43R_1%_0.0625W_100PPM","Resistors.DbLib"
"1k","SMD Resistor","R165, R232, R233, R234, R235, R236, R237, R283","0402R","RES_0402","","8","JTAG_Configuration.SchDoc, RTCE.SchDoc","LIBRARY_SCH.SCHLIB","RES_0402","LIBRARY_SCH.SCHLIB"
"100k","SMD Resistor","R209, R210","0402R","RES_0402","","2","FMC_Clocks.SchDoc","LIBRARY_SCH.SCHLIB","RES_0402","LIBRARY_SCH.SCHLIB"
"0","Resistor - 1%","R215, R253","RESC1608X55N","R0603_0R_JUMPER","1A (0.05R Max DC Resistance) Zero Ohm Jumper","2","Clock_WR.SchDoc","Resistors.DbLib","R0603_0R_JUMPER","Resistors.DbLib"
"240","Resistor - 1%","R216, R218, R219","RESC1608X55N","R0603_240R_1%_0.1W_100PPM","General Purpose Thick Film Chip Resistor","3","Clock_WR.SchDoc","Resistors.DbLib","R0603_240R_1%_0.1W_100PPM","Resistors.DbLib"
"100","Resistor - 1%","R217, R224","RESC1608X55N","R0603_100R_1%_0.1W_100PPM","General Purpose Thick Film Chip Resistor","2","Clock_WR.SchDoc","Resistors.DbLib","R0603_100R_1%_0.1W_100PPM","Resistors.DbLib"
"1k","Resistor - 1%","R220, R221, R272","RESC1608X55N","R0603_1K_1%_0.1W_100PPM","General Purpose Thick Film Chip Resistor","3","Clock_WR.SchDoc","Resistors.DbLib","R0603_1K_1%_0.1W_100PPM","Resistors.DbLib"
"dnp","Resistor - 1%","R245, R249, R250, R251, R252, R254","RESC1608X55N","R0603_0R_JUMPER","1A (0.05R Max DC Resistance) Zero Ohm Jumper","6","Clock_WR.SchDoc","Resistors.DbLib","R0603_0R_JUMPER","Resistors.DbLib"
"1k5","Resistor - 1%","R247, R248","RESC1608X55N","R0603_1K5_1%_0.1W_100PPM","General Purpose Thick Film Chip Resistor","2","SUP_2.5_FMC.SchDoc","Resistors.DbLib","R0603_1K5_1%_0.1W_100PPM","Resistors.DbLib"
"1k8","Resistor - 1%","R260, R261","RESC1608X55N","R0603_910R_1%_0.1W_100PPM","General Purpose Thick Film Chip Resistor","2","SUP_2.5_FMC.SchDoc","Resistors.DbLib","R0603_910R_1%_0.1W_100PPM","Resistors.DbLib"
"453","Resistor - 0.1%","R262, R263","RESC1608X55N","R0603_453R_0.1%_0.063W_10PPM","Thin Film Chip Resistor","2","SUP_2.5_FMC.SchDoc","Resistors.DbLib","R0603_453R_0.1%_0.063W_10PPM","Resistors.DbLib"
"WSK25122L000FEA","RESISTOR, METAL STRIP, 0.001 OHM 1%","R266, R267","RES_WSK2512","RES_POW_Kelvin","","2","POWER_Management.SchDoc","LIBRARY_SCH.SCHLIB","RES_POW_Kelvin","LIBRARY_SCH.SCHLIB"
"0402_100k_TOL_Power_TC","","R269","RESC1005X40N","SMT_0402","","1","POWER_Management.SchDoc","Resistors.DbLib","SMT_0402","Resistors.DbLib"
"33","Resistor - 1%","R284A, R284B, R285A, R285B","RESC1005X40N","R0402_33R_1%_0.0625W_100PPM","General Purpose Thick Film Chip Resistor","4","USB_UART.SchDoc","Resistors.DbLib","R0402_33R_1%_0.0625W_100PPM","Resistors.DbLib"
"0402_10_1%_0.1W_±100ppm","","R286","RESC1005X40N","SMT_0402","","1","SUP_1.5_3.3.SchDoc","Resistors.DbLib","SMT_0402","Resistors.DbLib"
"1k","SMD Resistor","R287, R288","0603R","RES_0603","","2","SUP_1.2_1.8.SchDoc","LIBRARY_SCH.SCHLIB","RES_0603","LIBRARY_SCH.SCHLIB"
"DNP-100R","SMD Resistor","R292, R294, R295, R296","0402R","RES_0402","","4","FPGA.SchDoc","LIBRARY_SCH.SCHLIB","RES_0402","LIBRARY_SCH.SCHLIB"
"TACTR75H84B160","Push button","S1","PB_ALPS_SKHHLQA010","SW-PB_RA_5.8mm","","1","IPMI.SchDoc","LIBRARY_SCH.SCHLIB","SW-PB_RA_5.8mm","LIBRARY_SCH.SCHLIB"
"IRF9910Pbf","Dual SO-8 MOSFET For POL Cconverter","T1, T2, T3, T4, T5, T6","SOIC127P600X175-8N","IRF9910Pbf","20V 10A(Q1) 20V 12A (Q2) Dual SO-8 MOSFET For POL Cconverter","6","SUP_1.5_3.3.SchDoc, SUP_2.5_FMC.SchDoc, SUP_3.3_FMC.SchDoc","ICs And Semiconductors.DbLib","IRF9910Pbf","ICs And Semiconductors.DbLib"
"TP","Testpoint","TP1, TP2, TP8, TP10","TP","TP","","4","CPU.SchDoc","LIBRARY_SCH.SCHLIB","TP","LIBRARY_SCH.SCHLIB"
"TP","Testpoint","TP3, TP4, TP5, TP6, TP7, TP11, TP12, TP13, TP15","TP_large","TP","","9","FMC_HPC1.SchDoc, FMC_HPC2.SchDoc","LIBRARY_SCH.SCHLIB","TP","LIBRARY_SCH.SCHLIB"
"Test Point","1625854-2","TPD1, TPD2, TPD3, TPD4, TPD5, TPD6, TPD7, TPD8, TPD9, TPD10, TPD11, TPD12, TPD13, TPD14, TPD15, TPD16, TPD17, TPD18, TPD19, TPD20, TPD21, TPD22, TPD23, TPD24, TPD25, TPD26, TPD27, TPD28, TPD29, TPD30, TPD31, TPD32, TPD33, TPD34, TPD35, TPD36, TPD37, TPD38","TP_DIFF_0805","TP_DIFF","","38","AMC_FMC_Carrier.SchDoc","Markers.DbLib","TP_DIFF","Markers.DbLib"
"QSDG8M000-TXC","miniature crystal oscillator (Maritex) QSDG8M000-TXC","X1","XTAL_5.0*3.2","X_CRYSTAL_SMD_5.0*3.2","","1","CPU.SchDoc","LIBRARY_SCH.SCHLIB","X_CRYSTAL_SMD_5.0*3.2","LIBRARY_SCH.SCHLIB"
"QSDG16M000-TXC","miniature crystal oscillator (Maritex) QSDG8M000-TXC","X2","XTAL_5.0*3.2","X_CRYSTAL_SMD_5.0*3.2","","1","CPU.SchDoc","LIBRARY_SCH.SCHLIB","X_CRYSTAL_SMD_5.0*3.2","LIBRARY_SCH.SCHLIB"
"Q0M032D6-SMD","Crystal oscillator 32k (Maritex)","X3","crystal_85SMX","X_CRYSTAL_32k_SMD","","1","RTCE.SchDoc","LIBRARY_SCH.SCHLIB","X_CRYSTAL_32k_SMD","LIBRARY_SCH.SCHLIB"
